ACURA,TL,BLACK,AUTO,Alloy,VAN,AMERICAN,2003,3
CADILLAC,AVIATOR,GOLD,MANUAL,Alloy,LARGE SUV,AMERICAN,,
SUZUKI,UPLANDER,BLUE,MANUAL,Covers,MEDIUM SUV,OTHER,2004,7
HONDA,ACCORD,BEIGE,AUTO,Alloy,CROSSOVER,OTHER ASIAN,2006,
DODGE,RUNNER,,AUTO,Alloy,CROSSOVER,AMERICAN,2002,5
ACURA,RAM PICKUP,BEIGE,AUTO,Alloy,COMPACT,AMERICAN,2003,1
VOLVO,RUNNER,,AUTO,Special,,TOP LINE ASIAN,2010,1
DODGE,MUSTANG,BLACK,MANUAL,Alloy,CROSSOVER,AMERICAN,2006,1
TOYOTA,VERONA,,,,,,,1
HONDA,RAM PICKUP,WHITE,,Alloy,,AMERICAN,2009,0
MITSUBISHI,LANCER,RED,MANUAL,Special,SPORTS,TOP LINE ASIAN,2007,9
FORD,SILVERADO PIC,BLACK,AUTO,Alloy,CROSSOVER,AMERICAN,2010,1
SUZUKI,,WHITE,MANUAL,Alloy,MEDIUM,,2009,
VOLKSWAGEN,BEETLE,BLACK,MANUAL,Special,COMPACT,TOP LINE ASIAN,2008,
FORD,MUSTANG,YELLOW,MANUAL,Alloy,LARGE,AMERICAN,,
LINCOLN,HIGHLANDER,BLUE,,,,AMERICAN,,
DODGE,MUSTANG,BLACK,AUTO,Alloy,SPORTS,OTHER,2002,3
DODGE,SIERRA PICKUP,BLACK,AUTO,Special,COMPACT,TOP LINE ASIAN,,0
HYUNDAI,AERIO,GREY,MANUAL,Alloy,MEDIUM,TOP LINE ASIAN,2008,5
HONDA,ACCORD,BLACK,AUTO,Alloy,COMPACT,TOP LINE ASIAN,2003,2
ACURA,SIERRA PICKUP,BROWN,MANUAL,Covers,CROSSOVER,OTHER,2002,1
DODGE,SILVERADO PIC,BLACK,MANUAL,Special,SMALL SUV,TOP LINE ASIAN,2004,1
FORD,ASCENDER,WHITE,MANUAL,Covers,LARGE,AMERICAN,2003,9
HONDA,ACCORD,WHITE,AUTO,Alloy,MEDIUM,,2008,1
TOYOTA,CAMRY,WHITE,MANUAL,Alloy,MEDIUM,TOP LINE ASIAN,2004,4
VOLKSWAGEN,BEETLE,YELLOW,AUTO,Alloy,COMPACT,AMERICAN,2008,0
,,BLACK,AUTO,Alloy,SPORTS,OTHER,2010,0
CHEVROLET,RAM PICKUP,BLACK,AUTO,Covers,,,,2
FORD,,BLUE,,Alloy,LARGE,,,3
FORD,RUNNER,WHITE,,Special,,,,1
TOYOTA,CAMRY,PINK,AUTO,Alloy,LARGE,AMERICAN,2007,2
HONDA,ACCORD,BEIGE,MANUAL,,,,,
HONDA,ACCORD,BLACK,AUTO,Alloy,COMPACT,TOP LINE ASIAN,2006,3
MITSUBISHI,YUKON,BLACK,AUTO,Special,LARGE SUV,TOP LINE ASIAN,2009,2
VOLKSWAGEN,ACCORD,BLACK,AUTO,Covers,LARGE,AMERICAN,2010,2
CADILLAC,AERIO,GREEN,MANUAL,Covers,CROSSOVER,OTHER ASIAN,2002,4
MITSUBISHI,OUTLANDER,MAROON,AUTO,Special,LARGE SUV,TOP LINE ASIAN,2008,4
HIGHLANDER,2008,BLUE,ACCORD
GOLD
ACCORD,HONDA,2008,1,BLACKBLACK
BLACK
BLACK
BLACK,DODGE,RUNNER
BLACK,DODGE,CHALLENGER
DODGE,STRATUS
ACCORD,HONDA,SEDAN,WHITE
ASDFASD
ACCORD,HONDA,WHITE,SEDAN
ACCORD
BLACK,JEEP,SEDAN
RED,HONDA
BLACK,JEEP,SEDAN
BLACK,JEEP,HATCHBACK
RED
RED,AMERICAN
RED,AMERICAN,ALLOY
BLACK
BLACK
BLACK,JEEP
BLACK
HONDA
HONDA,ACCOD
HONDA,ACCORD
HONDA,ACCORD,SEDAN
HONDA
HONDA
HONDA,SEDAN
HONDA
HONDA
HONDA
BLACK
RED
RED,SEDAN
RED,SEDAN,EX
RED,SEDAN,EX,
RED,SEDAN,EX,,MEDIUM
RED
RED
RED,SEDAN
RED,SEDAN,MEDIUM
REED
RE
RE,D
RED
RED,SEDAN
RED
RED,EX
RED,EX,MEDIUM
RED,EX,MEDIUM,HONDA
HONDA
HONDA,SEDAN
HONDA,SEDAN,RED
HONDA
HONDA,SEDA
HONDA,SEDA,N
HONDA,SEDAN
HONDA
HONDA
HONDA,SEDAN
HONDA,SEDAN,ACCORD
HONDA
HONDA,SEDAN
HONDA,SEDAN,ACCORD
HONDA
HONDA,SEDAN
HONDA,SEDAN,ACCORD
HONDA,SEDAN,ACCORD
HONDA
HONDA
RED
HONDA
HONDA,ACCORD
HONDA,ACCORD,SEDAN
HONDA,ACCORD,SEDAN,EX
HONDA,ACCORD,SEDAN,EX,BLUE
HONDA
HONDA,SEDAN
HONDA,SEDAN,ACCORD
HONDA,SEDAN,ACCORD,BLUE
HONDA,SEDAN,ACCORD,BLUE,EX
MARUTI
MARUTI,SUZUKI
MARUTO
MARUTI
MARUTI,SUZUKI
MARUTI,SWIFT
MARUTI
MARUTI,SUZUKI
SEDANS
SEDAN
SEDAN,DODGE
SEDAN
SEDAN
SEDAN
SEDAN
SEDAN,HODNA
SEDAN,HODNA,MARUTI
SEDAN,HONDA
SEDAN,HONDA,CAMRY
SEDAN,HONDA
SEDAN,HONDA,HIGHLANDER
SEDAN
SEDAN,HONDA
SEDAN,HONDA,HIGHLANDER
HONDA
HONDA,HIGHLANDER
HONDA
HONDA,HIGHLANDER
SEDAN,HONDA
SEDAN
SEDAN
SEDAN
SEDAN,HONDA
SEDAN,HONDA,ACCORD
SEDAN,HONDA,ACCORD,EX
SEDAN,HONDA,ACCORD,EX,BLUE
SEDAN,HONDA,ACCORD,EX,BLUE,BLACK

ISUZU
ISUZU,GOLD
ISUZU,GOLD,SUV
ISUZU,GOLD,SPOR
ISUZU,GOLD,SPORT
ISUZU,GOLD,SPORT,UTILITY
ISUZU,GOLD,SEDAN
ISUZU
ISUZU,RED
BLACK
HONDA